id,first_name,last_name,email,department_name,hire_date,created_at,updated_at
397,Gloria,Burton,gloria.burton@company.com,Engineering,2025-04-23 09:09:56.566991,2025-04-23 09:09:56.566995,2025-04-23 09:09:56.566996
398,Ryan,Carroll,ryan.carroll@company.com,Customer Support,2025-04-23 09:09:56.566997,2025-04-23 09:09:56.566998,2025-04-23 09:09:56.566998
399,Carolyn,Hernandez,carolyn.hernandez@company.com,Marketing,2025-04-23 09:09:56.566999,2025-04-23 09:09:56.567000,2025-04-23 09:09:56.567001
400,Joseph,Taylor,joseph.taylor@company.com,Legal,2025-04-23 09:09:56.567002,2025-04-23 09:09:56.567002,2025-04-23 09:09:56.567003
401,Dawn,Gonzales,dawn.gonzales@company.com,Operations,2025-04-23 09:09:56.567004,2025-04-23 09:09:56.567004,2025-04-23 09:09:56.567005
402,Jose,White,jose.white@company.com,Human Resources,2025-04-23 09:09:56.567006,2025-04-23 09:09:56.567006,2025-04-23 09:09:56.567007
403,Adam,Ware,adam.ware@company.com,Customer Support,2025-04-23 09:09:56.567008,2025-04-23 09:09:56.567009,2025-04-23 09:09:56.567009
404,Jennifer,Duncan,jennifer.duncan@company.com,Research,2025-04-23 09:09:56.567010,2025-04-23 09:09:56.567011,2025-04-23 09:09:56.567011
405,Johnny,Lopez,johnny.lopez@company.com,Customer Support,2025-04-23 09:09:56.567012,2025-04-23 09:09:56.567013,2025-04-23 09:09:56.567014
406,Michael,Terry,michael.terry@company.com,Finance,2025-04-23 09:09:56.567014,2025-04-23 09:09:56.567015,2025-04-23 09:09:56.567016
407,Janet,Johnson,janet.johnson@company.com,Finance,2025-04-23 09:09:56.567016,2025-04-23 09:09:56.567017,2025-04-23 09:09:56.567018
408,Christopher,Heath,christopher.heath@company.com,Finance,2025-04-23 09:09:56.567019,2025-04-23 09:09:56.567019,2025-04-23 09:09:56.567020
409,Edward,Berry,edward.berry@company.com,Sales,2025-04-23 09:09:56.567021,2025-04-23 09:09:56.567021,2025-04-23 09:09:56.567022
410,Daniel,Rivera,daniel.rivera@company.com,Finance,2025-04-23 09:09:56.567023,2025-04-23 09:09:56.567023,2025-04-23 09:09:56.567024
411,Connor,Mahoney,connor.mahoney@company.com,Finance,2025-04-23 09:09:56.567025,2025-04-23 09:09:56.567025,2025-04-23 09:09:56.567026
412,Keith,Ramos,keith.ramos@company.com,Finance,2025-04-23 09:09:56.567027,2025-04-23 09:09:56.567027,2025-04-23 09:09:56.567028
413,Kelsey,Warren,kelsey.warren@company.com,Development,2025-04-23 09:09:56.567029,2025-04-23 09:09:56.567030,2025-04-23 09:09:56.567030
414,Hayley,Rivera,hayley.rivera@company.com,Customer Support,2025-04-23 09:09:56.567031,2025-04-23 09:09:56.567032,2025-04-23 09:09:56.567032
415,Joseph,Thompson,joseph.thompson@company.com,Engineering,2025-04-23 09:09:56.567033,2025-04-23 09:09:56.567034,2025-04-23 09:09:56.567034
416,Jonathan,Walsh,jonathan.walsh@company.com,Customer Support,2025-04-23 09:09:56.567035,2025-04-23 09:09:56.567036,2025-04-23 09:09:56.567036
417,Robert,Shaffer,robert.shaffer@company.com,Human Resources,2025-04-23 09:09:56.567037,2025-04-23 09:09:56.567038,2025-04-23 09:09:56.567038
418,Heidi,Sosa,heidi.sosa@company.com,Marketing,2025-04-23 09:09:56.567039,2025-04-23 09:09:56.567040,2025-04-23 09:09:56.567040
419,Jaclyn,Lopez,jaclyn.lopez@company.com,Operations,2025-04-23 09:09:56.567041,2025-04-23 09:09:56.567042,2025-04-23 09:09:56.567042
420,William,Rivera,william.rivera@company.com,Operations,2025-04-23 09:09:56.567043,2025-04-23 09:09:56.567044,2025-04-23 09:09:56.567044
421,Rachel,Sullivan,rachel.sullivan@company.com,Marketing,2025-04-23 09:09:56.567045,2025-04-23 09:09:56.567045,2025-04-23 09:09:56.567046
422,Erica,Reid,erica.reid@company.com,Human Resources,2025-04-23 09:09:56.567047,2025-04-23 09:09:56.567047,2025-04-23 09:09:56.567048
423,Rodney,Vaughan,rodney.vaughan@company.com,Research,2025-04-23 09:09:56.567049,2025-04-23 09:09:56.567049,2025-04-23 09:09:56.567050
424,Joel,Brown,joel.brown@company.com,Marketing,2025-04-23 09:09:56.567051,2025-04-23 09:09:56.567051,2025-04-23 09:09:56.567052
425,Paul,Nelson,paul.nelson@company.com,Customer Support,2025-04-23 09:09:56.567053,2025-04-23 09:09:56.567053,2025-04-23 09:09:56.567054
426,Emily,Hoffman,emily.hoffman@company.com,Finance,2025-04-23 09:09:56.567055,2025-04-23 09:09:56.567055,2025-04-23 09:09:56.567056
427,Kenneth,Olsen,kenneth.olsen@company.com,Engineering,2025-04-23 09:09:56.567057,2025-04-23 09:09:56.567057,2025-04-23 09:09:56.567058
428,Katherine,Evans,katherine.evans@company.com,Finance,2025-04-23 09:09:56.567059,2025-04-23 09:09:56.567059,2025-04-23 09:09:56.567060
429,Margaret,Wells,margaret.wells@company.com,Engineering,2025-04-23 09:09:56.567061,2025-04-23 09:09:56.567061,2025-04-23 09:09:56.567062
430,Christopher,Murphy,christopher.murphy@company.com,Research,2025-04-23 09:09:56.567063,2025-04-23 09:09:56.567063,2025-04-23 09:09:56.567064
431,Christina,Beltran,christina.beltran@company.com,Human Resources,2025-04-23 09:09:56.567064,2025-04-23 09:09:56.567065,2025-04-23 09:09:56.567066
432,Manuel,Roberts,manuel.roberts@company.com,Legal,2025-04-23 09:09:56.567066,2025-04-23 09:09:56.567067,2025-04-23 09:09:56.567070
433,Thomas,Warren,thomas.warren@company.com,Marketing,2025-04-23 09:09:56.567070,2025-04-23 09:09:56.567071,2025-04-23 09:09:56.567072
434,Paul,Chandler,paul.chandler@company.com,Sales,2025-04-23 09:09:56.567072,2025-04-23 09:09:56.567073,2025-04-23 09:09:56.567074
435,Matthew,Castillo,matthew.castillo@company.com,Engineering,2025-04-23 09:09:56.567074,2025-04-23 09:09:56.567075,2025-04-23 09:09:56.567076
436,Alexandra,Arellano,alexandra.arellano@company.com,Customer Support,2025-04-23 09:09:56.567076,2025-04-23 09:09:56.567077,2025-04-23 09:09:56.567078
437,Jerry,Evans,jerry.evans@company.com,Legal,2025-04-23 09:09:56.567078,2025-04-23 09:09:56.567079,2025-04-23 09:09:56.567080
438,David,Wright,david.wright@company.com,Research,2025-04-23 09:09:56.567080,2025-04-23 09:09:56.567081,2025-04-23 09:09:56.567081
439,Justin,Beck,justin.beck@company.com,Marketing,2025-04-23 09:09:56.567082,2025-04-23 09:09:56.567083,2025-04-23 09:09:56.567083
440,Adam,Sanchez,adam.sanchez@company.com,Development,2025-04-23 09:09:56.567084,2025-04-23 09:09:56.567085,2025-04-23 09:09:56.567085
441,Kelli,Rodriguez,kelli.rodriguez@company.com,Research,2025-04-23 09:09:56.567086,2025-04-23 09:09:56.567087,2025-04-23 09:09:56.567087
442,Mike,Douglas,mike.douglas@company.com,Legal,2025-04-23 09:09:56.567088,2025-04-23 09:09:56.567089,2025-04-23 09:09:56.567089
443,Mark,Duncan,mark.duncan@company.com,Research,2025-04-23 09:09:56.567090,2025-04-23 09:09:56.567091,2025-04-23 09:09:56.567091
444,Jennifer,Vazquez,jennifer.vazquez@company.com,Marketing,2025-04-23 09:09:56.567092,2025-04-23 09:09:56.567093,2025-04-23 09:09:56.567093
445,Meredith,Greene,meredith.greene@company.com,Finance,2025-04-23 09:09:56.567094,2025-04-23 09:09:56.567095,2025-04-23 09:09:56.567095
446,Joseph,Snow,joseph.snow@company.com,Research,2025-04-23 09:09:56.567096,2025-04-23 09:09:56.567096,2025-04-23 09:09:56.567097
447,Shannon,Patterson,shannon.patterson@company.com,Legal,2025-04-23 09:09:56.567098,2025-04-23 09:09:56.567098,2025-04-23 09:09:56.567099
448,Andrea,Henry,andrea.henry@company.com,Operations,2025-04-23 09:09:56.567100,2025-04-23 09:09:56.567100,2025-04-23 09:09:56.567101
449,Kathleen,Mcknight,kathleen.mcknight@company.com,Customer Support,2025-04-23 09:09:56.567102,2025-04-23 09:09:56.567102,2025-04-23 09:09:56.567103
450,Robert,Best,robert.best@company.com,Customer Support,2025-04-23 09:09:56.567104,2025-04-23 09:09:56.567104,2025-04-23 09:09:56.567105
451,Douglas,Perez,douglas.perez@company.com,Operations,2025-04-23 09:09:56.567106,2025-04-23 09:09:56.567106,2025-04-23 09:09:56.567107
452,Joann,Aguilar,joann.aguilar@company.com,Development,2025-04-23 09:09:56.567108,2025-04-23 09:09:56.567108,2025-04-23 09:09:56.567109
453,Stephanie,Turner,stephanie.turner@company.com,Marketing,2025-04-23 09:09:56.567110,2025-04-23 09:09:56.567110,2025-04-23 09:09:56.567111
454,Hannah,Craig,hannah.craig@company.com,Development,2025-04-23 09:09:56.567111,2025-04-23 09:09:56.567112,2025-04-23 09:09:56.567113
455,Caroline,Williams,caroline.williams@company.com,Legal,2025-04-23 09:09:56.567113,2025-04-23 09:09:56.567114,2025-04-23 09:09:56.567115
456,Alexander,Cain,alexander.cain@company.com,Finance,2025-04-23 09:09:56.567115,2025-04-23 09:09:56.567116,2025-04-23 09:09:56.567117
457,Andrew,Johnson,andrew.johnson@company.com,Marketing,2025-04-23 09:09:56.567117,2025-04-23 09:09:56.567118,2025-04-23 09:09:56.567119
458,Mary,Cross,mary.cross@company.com,Legal,2025-04-23 09:09:56.567119,2025-04-23 09:09:56.567120,2025-04-23 09:09:56.567121
459,Christian,Bean,christian.bean@company.com,Engineering,2025-04-23 09:09:56.567121,2025-04-23 09:09:56.567122,2025-04-23 09:09:56.567122
460,Edward,Kennedy,edward.kennedy@company.com,Operations,2025-04-23 09:09:56.567123,2025-04-23 09:09:56.567124,2025-04-23 09:09:56.567124
461,Julie,Davidson,julie.davidson@company.com,Engineering,2025-04-23 09:09:56.567125,2025-04-23 09:09:56.567126,2025-04-23 09:09:56.567126
462,Rachel,Williams,rachel.williams@company.com,Development,2025-04-23 09:09:56.567127,2025-04-23 09:09:56.567128,2025-04-23 09:09:56.567128
463,Jacqueline,Lee,jacqueline.lee@company.com,Marketing,2025-04-23 09:09:56.567129,2025-04-23 09:09:56.567130,2025-04-23 09:09:56.567130
464,Angela,Wade,angela.wade@company.com,Development,2025-04-23 09:09:56.567131,2025-04-23 09:09:56.567132,2025-04-23 09:09:56.567132
465,Annette,Austin,annette.austin@company.com,Human Resources,2025-04-23 09:09:56.567133,2025-04-23 09:09:56.567134,2025-04-23 09:09:56.567134
466,Alexandria,Smith,alexandria.smith@company.com,Operations,2025-04-23 09:09:56.567135,2025-04-23 09:09:56.567135,2025-04-23 09:09:56.567136
467,Mary,Williams,mary.williams@company.com,Legal,2025-04-23 09:09:56.567137,2025-04-23 09:09:56.567137,2025-04-23 09:09:56.567138
468,Jennifer,Shaffer,jennifer.shaffer@company.com,Engineering,2025-04-23 09:09:56.567139,2025-04-23 09:09:56.567139,2025-04-23 09:09:56.567140
469,Michael,Pierce,michael.pierce@company.com,Research,2025-04-23 09:09:56.567141,2025-04-23 09:09:56.567141,2025-04-23 09:09:56.567142
470,John,Whitaker,john.whitaker@company.com,Finance,2025-04-23 09:09:56.567143,2025-04-23 09:09:56.567143,2025-04-23 09:09:56.567144
471,Abigail,Turner,abigail.turner@company.com,Operations,2025-04-23 09:09:56.567145,2025-04-23 09:09:56.567145,2025-04-23 09:09:56.567146
472,Lawrence,Wu,lawrence.wu@company.com,Marketing,2025-04-23 09:09:56.567146,2025-04-23 09:09:56.567147,2025-04-23 09:09:56.567148
473,Jennifer,Sanchez,jennifer.sanchez@company.com,Human Resources,2025-04-23 09:09:56.567148,2025-04-23 09:09:56.567149,2025-04-23 09:09:56.567150
474,Tina,Scott,tina.scott@company.com,Human Resources,2025-04-23 09:09:56.567150,2025-04-23 09:09:56.567151,2025-04-23 09:09:56.567152
475,John,Myers,john.myers@company.com,Marketing,2025-04-23 09:09:56.567152,2025-04-23 09:09:56.567153,2025-04-23 09:09:56.567154
476,Tiffany,Salinas,tiffany.salinas@company.com,Marketing,2025-04-23 09:09:56.567154,2025-04-23 09:09:56.567155,2025-04-23 09:09:56.567155
477,Jacqueline,Hartman,jacqueline.hartman@company.com,Engineering,2025-04-23 09:09:56.567156,2025-04-23 09:09:56.567157,2025-04-23 09:09:56.567157
478,Renee,Jones,renee.jones@company.com,Engineering,2025-04-23 09:09:56.567158,2025-04-23 09:09:56.567159,2025-04-23 09:09:56.567159
479,Sierra,Parker,sierra.parker@company.com,Customer Support,2025-04-23 09:09:56.567160,2025-04-23 09:09:56.567161,2025-04-23 09:09:56.567161
480,Joshua,Stewart,joshua.stewart@company.com,Operations,2025-04-23 09:09:56.567162,2025-04-23 09:09:56.567163,2025-04-23 09:09:56.567163
481,Brandy,Gray,brandy.gray@company.com,Marketing,2025-04-23 09:09:56.567164,2025-04-23 09:09:56.567165,2025-04-23 09:09:56.567165
482,Audrey,Mays,audrey.mays@company.com,Customer Support,2025-04-23 09:09:56.567166,2025-04-23 09:09:56.567166,2025-04-23 09:09:56.567167
483,Joseph,Newman,joseph.newman@company.com,Finance,2025-04-23 09:09:56.567168,2025-04-23 09:09:56.567168,2025-04-23 09:09:56.567169
484,Patrick,Walker,patrick.walker@company.com,Human Resources,2025-04-23 09:09:56.567170,2025-04-23 09:09:56.567170,2025-04-23 09:09:56.567171
485,Barry,Green,barry.green@company.com,Research,2025-04-23 09:09:56.567172,2025-04-23 09:09:56.567172,2025-04-23 09:09:56.567173
486,Kim,Levy,kim.levy@company.com,Operations,2025-04-23 09:09:56.567174,2025-04-23 09:09:56.567174,2025-04-23 09:09:56.567175
487,Abigail,White,abigail.white@company.com,Operations,2025-04-23 09:09:56.567176,2025-04-23 09:09:56.567176,2025-04-23 09:09:56.567177
488,Brandon,Jones,brandon.jones@company.com,Human Resources,2025-04-23 09:09:56.567178,2025-04-23 09:09:56.567178,2025-04-23 09:09:56.567179
489,Billy,Nelson,billy.nelson@company.com,Development,2025-04-23 09:09:56.567180,2025-04-23 09:09:56.567180,2025-04-23 09:09:56.567181
490,Jeffrey,Patrick,jeffrey.patrick@company.com,Development,2025-04-23 09:09:56.567181,2025-04-23 09:09:56.567182,2025-04-23 09:09:56.567183
491,Matthew,Coleman,matthew.coleman@company.com,Finance,2025-04-23 09:09:56.567183,2025-04-23 09:09:56.567184,2025-04-23 09:09:56.567185
492,Melinda,Foley,melinda.foley@company.com,Marketing,2025-04-23 09:09:56.567185,2025-04-23 09:09:56.567186,2025-04-23 09:09:56.567187
493,Alexander,Wallace,alexander.wallace@company.com,Research,2025-04-23 09:09:56.567187,2025-04-23 09:09:56.567188,2025-04-23 09:09:56.567189
494,Lindsey,Tran,lindsey.tran@company.com,Engineering,2025-04-23 09:09:56.567189,2025-04-23 09:09:56.567190,2025-04-23 09:09:56.567190
495,Jesus,Flores,jesus.flores@company.com,Marketing,2025-04-23 09:09:56.567191,2025-04-23 09:09:56.567192,2025-04-23 09:09:56.567192
496,Roberto,Hill,roberto.hill@company.com,Development,2025-04-23 09:09:56.567193,2025-04-23 09:09:56.567194,2025-04-23 09:09:56.567194
497,Rhonda,Obrien,rhonda.obrien@company.com,Research,2025-04-23 09:09:56.588934,2025-04-23 09:09:56.588937,2025-04-23 09:09:56.588938
498,Lindsay,Roberts,lindsay.roberts@company.com,Operations,2025-04-23 09:09:56.588939,2025-04-23 09:09:56.588939,2025-04-23 09:09:56.588940
499,Sharon,Vazquez,sharon.vazquez@company.com,Customer Support,2025-04-23 09:09:56.588941,2025-04-23 09:09:56.588942,2025-04-23 09:09:56.588942
500,James,Swanson,james.swanson@company.com,Human Resources,2025-04-23 09:09:56.588943,2025-04-23 09:09:56.588944,2025-04-23 09:09:56.588944
501,Blake,Bailey,blake.bailey@company.com,Marketing,2025-04-23 09:09:56.588945,2025-04-23 09:09:56.588946,2025-04-23 09:09:56.588946
502,Thomas,Juarez,thomas.juarez@company.com,Customer Support,2025-04-23 09:09:56.588947,2025-04-23 09:09:56.588948,2025-04-23 09:09:56.588948
503,Eric,Martin,eric.martin@company.com,Customer Support,2025-04-23 09:09:56.588949,2025-04-23 09:09:56.588950,2025-04-23 09:09:56.588950
504,Barbara,Tyler,barbara.tyler@company.com,Operations,2025-04-23 09:09:56.588951,2025-04-23 09:09:56.588952,2025-04-23 09:09:56.588952
505,Jesse,Johnson,jesse.johnson@company.com,Research,2025-04-23 09:09:56.588953,2025-04-23 09:09:56.588954,2025-04-23 09:09:56.588954
506,Joel,Bradley,joel.bradley@company.com,Development,2025-04-23 09:09:56.588955,2025-04-23 09:09:56.588956,2025-04-23 09:09:56.588956
507,Mark,James,mark.james@company.com,Operations,2025-04-23 09:09:56.588957,2025-04-23 09:09:56.588958,2025-04-23 09:09:56.588958
508,Paige,Haley,paige.haley@company.com,Human Resources,2025-04-23 09:09:56.588959,2025-04-23 09:09:56.588960,2025-04-23 09:09:56.588960
509,Michael,Smith,michael.smith@company.com,Engineering,2025-04-23 09:09:56.588961,2025-04-23 09:09:56.588962,2025-04-23 09:09:56.588962
510,Victoria,Fowler,victoria.fowler@company.com,Human Resources,2025-04-23 09:09:56.588963,2025-04-23 09:09:56.588964,2025-04-23 09:09:56.588964
511,Thomas,Allen,thomas.allen@company.com,Operations,2025-04-23 09:09:56.588965,2025-04-23 09:09:56.588966,2025-04-23 09:09:56.588966
512,Larry,Barber,larry.barber@company.com,Marketing,2025-04-23 09:09:56.588967,2025-04-23 09:09:56.588968,2025-04-23 09:09:56.588968
513,Angela,Potter,angela.potter@company.com,Finance,2025-04-23 09:09:56.588969,2025-04-23 09:09:56.588970,2025-04-23 09:09:56.588970
514,Holly,Moore,holly.moore@company.com,Sales,2025-04-23 09:09:56.588971,2025-04-23 09:09:56.588972,2025-04-23 09:09:56.588972
515,Angela,Washington,angela.washington@company.com,Development,2025-04-23 09:09:56.588973,2025-04-23 09:09:56.588973,2025-04-23 09:09:56.588974
516,Janet,Barnett,janet.barnett@company.com,Engineering,2025-04-23 09:09:56.588975,2025-04-23 09:09:56.588975,2025-04-23 09:09:56.588976
517,Elizabeth,Bishop,elizabeth.bishop@company.com,Development,2025-04-23 09:09:56.588977,2025-04-23 09:09:56.588977,2025-04-23 09:09:56.588978
518,Katie,Smith,katie.smith@company.com,Sales,2025-04-23 09:09:56.588979,2025-04-23 09:09:56.588979,2025-04-23 09:09:56.588980
519,April,Sanchez,april.sanchez@company.com,Operations,2025-04-23 09:09:56.588981,2025-04-23 09:09:56.588981,2025-04-23 09:09:56.588982
520,Amanda,Gomez,amanda.gomez@company.com,Finance,2025-04-23 09:09:56.588983,2025-04-23 09:09:56.588983,2025-04-23 09:09:56.588984
521,Patrick,Martin,patrick.martin@company.com,Finance,2025-04-23 09:09:56.588985,2025-04-23 09:09:56.588985,2025-04-23 09:09:56.588986
522,Peggy,Stevenson,peggy.stevenson@company.com,Human Resources,2025-04-23 09:09:56.588987,2025-04-23 09:09:56.588987,2025-04-23 09:09:56.588988
523,Rachel,Peterson,rachel.peterson@company.com,Engineering,2025-04-23 09:09:56.588989,2025-04-23 09:09:56.588989,2025-04-23 09:09:56.588990
524,Kimberly,Stewart,kimberly.stewart@company.com,Finance,2025-04-23 09:09:56.588991,2025-04-23 09:09:56.588991,2025-04-23 09:09:56.588992
525,Ashley,Wagner,ashley.wagner@company.com,Development,2025-04-23 09:09:56.588993,2025-04-23 09:09:56.588993,2025-04-23 09:09:56.588994
526,Anita,Graham,anita.graham@company.com,Marketing,2025-04-23 09:09:56.588995,2025-04-23 09:09:56.588995,2025-04-23 09:09:56.588996
527,Autumn,Poole,autumn.poole@company.com,Customer Support,2025-04-23 09:09:56.588997,2025-04-23 09:09:56.588997,2025-04-23 09:09:56.588998
528,Lauren,Charles,lauren.charles@company.com,Sales,2025-04-23 09:09:56.588998,2025-04-23 09:09:56.588999,2025-04-23 09:09:56.589000
529,Kelly,Miller,kelly.miller@company.com,Human Resources,2025-04-23 09:09:56.589000,2025-04-23 09:09:56.589001,2025-04-23 09:09:56.589002
530,Karen,Potter,karen.potter@company.com,Research,2025-04-23 09:09:56.589002,2025-04-23 09:09:56.589003,2025-04-23 09:09:56.589004
531,Kelsey,Lawson,kelsey.lawson@company.com,Legal,2025-04-23 09:09:56.589004,2025-04-23 09:09:56.589005,2025-04-23 09:09:56.589006
532,Larry,Mcgee,larry.mcgee@company.com,Engineering,2025-04-23 09:09:56.589006,2025-04-23 09:09:56.589007,2025-04-23 09:09:56.589007
533,Kristen,Hansen,kristen.hansen@company.com,Marketing,2025-04-23 09:09:56.589008,2025-04-23 09:09:56.589009,2025-04-23 09:09:56.589009
534,Pamela,Bass,pamela.bass@company.com,Engineering,2025-04-23 09:09:56.589010,2025-04-23 09:09:56.589011,2025-04-23 09:09:56.589011
535,Donna,Moore,donna.moore@company.com,Marketing,2025-04-23 09:09:56.589012,2025-04-23 09:09:56.589013,2025-04-23 09:09:56.589013
536,David,Yang,david.yang@company.com,Marketing,2025-04-23 09:09:56.589014,2025-04-23 09:09:56.589014,2025-04-23 09:09:56.589015
537,Faith,Kennedy,faith.kennedy@company.com,Development,2025-04-23 09:09:56.589016,2025-04-23 09:09:56.589016,2025-04-23 09:09:56.589017
538,John,Webb,john.webb@company.com,Engineering,2025-04-23 09:09:56.589018,2025-04-23 09:09:56.589018,2025-04-23 09:09:56.589019
539,Lori,Johnson,lori.johnson@company.com,Engineering,2025-04-23 09:09:56.589020,2025-04-23 09:09:56.589020,2025-04-23 09:09:56.589021
540,Matthew,Reese,matthew.reese@company.com,Development,2025-04-23 09:09:56.589022,2025-04-23 09:09:56.589022,2025-04-23 09:09:56.589023
541,James,Young,james.young@company.com,Sales,2025-04-23 09:09:56.589024,2025-04-23 09:09:56.589024,2025-04-23 09:09:56.589025
542,Brenda,Williams,brenda.williams@company.com,Legal,2025-04-23 09:09:56.589025,2025-04-23 09:09:56.589026,2025-04-23 09:09:56.589027
543,Angela,Moore,angela.moore@company.com,Research,2025-04-23 09:09:56.589027,2025-04-23 09:09:56.589028,2025-04-23 09:09:56.589029
544,Ian,Daniels,ian.daniels@company.com,Human Resources,2025-04-23 09:09:56.589029,2025-04-23 09:09:56.589030,2025-04-23 09:09:56.589031
545,Steven,Williams,steven.williams@company.com,Customer Support,2025-04-23 09:09:56.589031,2025-04-23 09:09:56.589032,2025-04-23 09:09:56.589033
546,Andrea,Wade,andrea.wade@company.com,Development,2025-04-23 09:09:56.589033,2025-04-23 09:09:56.589034,2025-04-23 09:09:56.589035
547,Kim,Cruz,kim.cruz@company.com,Research,2025-04-23 09:09:56.589035,2025-04-23 09:09:56.589036,2025-04-23 09:09:56.589036
548,Robert,Anderson,robert.anderson@company.com,Legal,2025-04-23 09:09:56.589037,2025-04-23 09:09:56.589038,2025-04-23 09:09:56.589038
549,Donald,Garcia,donald.garcia@company.com,Legal,2025-04-23 09:09:56.589039,2025-04-23 09:09:56.589040,2025-04-23 09:09:56.589040
550,Kristin,Taylor,kristin.taylor@company.com,Marketing,2025-04-23 09:09:56.589041,2025-04-23 09:09:56.589042,2025-04-23 09:09:56.589042
551,John,Berry,john.berry@company.com,Human Resources,2025-04-23 09:09:56.589043,2025-04-23 09:09:56.589044,2025-04-23 09:09:56.589044
552,Lori,Perez,lori.perez@company.com,Customer Support,2025-04-23 09:09:56.589045,2025-04-23 09:09:56.589046,2025-04-23 09:09:56.589046
553,Tyler,Miller,tyler.miller@company.com,Marketing,2025-04-23 09:09:56.589047,2025-04-23 09:09:56.589048,2025-04-23 09:09:56.589048
554,Charles,Jacobs,charles.jacobs@company.com,Development,2025-04-23 09:09:56.589049,2025-04-23 09:09:56.589050,2025-04-23 09:09:56.589050
555,Jonathan,Mclaughlin,jonathan.mclaughlin@company.com,Finance,2025-04-23 09:09:56.589051,2025-04-23 09:09:56.589052,2025-04-23 09:09:56.589052
556,Derek,Schultz,derek.schultz@company.com,Customer Support,2025-04-23 09:09:56.589053,2025-04-23 09:09:56.589053,2025-04-23 09:09:56.589054
557,Timothy,Martinez,timothy.martinez@company.com,Finance,2025-04-23 09:09:56.589055,2025-04-23 09:09:56.589055,2025-04-23 09:09:56.589056
558,Aaron,Scott,aaron.scott@company.com,Development,2025-04-23 09:09:56.589057,2025-04-23 09:09:56.589057,2025-04-23 09:09:56.589058
559,Sarah,Newton,sarah.newton@company.com,Research,2025-04-23 09:09:56.589059,2025-04-23 09:09:56.589059,2025-04-23 09:09:56.589060
560,Carol,Smith,carol.smith@company.com,Research,2025-04-23 09:09:56.589061,2025-04-23 09:09:56.589061,2025-04-23 09:09:56.589062
561,Amy,Montgomery,amy.montgomery@company.com,Research,2025-04-23 09:09:56.589063,2025-04-23 09:09:56.589063,2025-04-23 09:09:56.589064
562,Kevin,Dillon,kevin.dillon@company.com,Engineering,2025-04-23 09:09:56.589065,2025-04-23 09:09:56.589065,2025-04-23 09:09:56.589066
563,Edward,Mcclain,edward.mcclain@company.com,Human Resources,2025-04-23 09:09:56.589067,2025-04-23 09:09:56.589067,2025-04-23 09:09:56.589068
564,Amber,Briggs,amber.briggs@company.com,Operations,2025-04-23 09:09:56.589069,2025-04-23 09:09:56.589069,2025-04-23 09:09:56.589070
565,Christopher,Barrett,christopher.barrett@company.com,Legal,2025-04-23 09:09:56.589071,2025-04-23 09:09:56.589071,2025-04-23 09:09:56.589072
566,Alyssa,Leonard,alyssa.leonard@company.com,Legal,2025-04-23 09:09:56.589073,2025-04-23 09:09:56.589073,2025-04-23 09:09:56.589074
567,Melinda,Thomas,melinda.thomas@company.com,Development,2025-04-23 09:09:56.589075,2025-04-23 09:09:56.589075,2025-04-23 09:09:56.589076
568,Justin,Williams,justin.williams@company.com,Development,2025-04-23 09:09:56.589077,2025-04-23 09:09:56.589077,2025-04-23 09:09:56.589078
569,Lindsay,Palmer,lindsay.palmer@company.com,Customer Support,2025-04-23 09:09:56.589078,2025-04-23 09:09:56.589079,2025-04-23 09:09:56.589080
570,Logan,Miller,logan.miller@company.com,Research,2025-04-23 09:09:56.589080,2025-04-23 09:09:56.589081,2025-04-23 09:09:56.589082
571,Adam,Hall,adam.hall@company.com,Human Resources,2025-04-23 09:09:56.589082,2025-04-23 09:09:56.589083,2025-04-23 09:09:56.589084
572,Justin,Hart,justin.hart@company.com,Legal,2025-04-23 09:09:56.589084,2025-04-23 09:09:56.589085,2025-04-23 09:09:56.589085
573,Shelley,Cannon,shelley.cannon@company.com,Sales,2025-04-23 09:09:56.589086,2025-04-23 09:09:56.589087,2025-04-23 09:09:56.589087
574,Miguel,Mueller,miguel.mueller@company.com,Customer Support,2025-04-23 09:09:56.589088,2025-04-23 09:09:56.589089,2025-04-23 09:09:56.589089
575,Connor,Clark,connor.clark@company.com,Research,2025-04-23 09:09:56.589090,2025-04-23 09:09:56.589091,2025-04-23 09:09:56.589091
576,Zachary,Morgan,zachary.morgan@company.com,Engineering,2025-04-23 09:09:56.589092,2025-04-23 09:09:56.589093,2025-04-23 09:09:56.589093
577,Erin,Keller,erin.keller@company.com,Marketing,2025-04-23 09:09:56.589094,2025-04-23 09:09:56.589095,2025-04-23 09:09:56.589095
578,Michael,Scott,michael.scott@company.com,Marketing,2025-04-23 09:09:56.589096,2025-04-23 09:09:56.589097,2025-04-23 09:09:56.589097
579,Johnny,Henry,johnny.henry@company.com,Marketing,2025-04-23 09:09:56.589098,2025-04-23 09:09:56.589098,2025-04-23 09:09:56.589099
580,Erin,Williams,erin.williams@company.com,Legal,2025-04-23 09:09:56.589100,2025-04-23 09:09:56.589100,2025-04-23 09:09:56.589101
581,Jonathan,Smith,jonathan.smith@company.com,Marketing,2025-04-23 09:09:56.589102,2025-04-23 09:09:56.589102,2025-04-23 09:09:56.589103
582,Brandy,Conner,brandy.conner@company.com,Customer Support,2025-04-23 09:09:56.589104,2025-04-23 09:09:56.589104,2025-04-23 09:09:56.589105
583,Jenna,Williams,jenna.williams@company.com,Finance,2025-04-23 09:09:56.589105,2025-04-23 09:09:56.589106,2025-04-23 09:09:56.589107
584,Tracy,Moore,tracy.moore@company.com,Customer Support,2025-04-23 09:09:56.589107,2025-04-23 09:09:56.589108,2025-04-23 09:09:56.589109
585,Jasmine,Sampson,jasmine.sampson@company.com,Legal,2025-04-23 09:09:56.589109,2025-04-23 09:09:56.589110,2025-04-23 09:09:56.589111
586,Phillip,Figueroa,phillip.figueroa@company.com,Finance,2025-04-23 09:09:56.589111,2025-04-23 09:09:56.589112,2025-04-23 09:09:56.589113
587,Alexander,Solomon,alexander.solomon@company.com,Research,2025-04-23 09:09:56.589113,2025-04-23 09:09:56.589114,2025-04-23 09:09:56.589114
588,Bailey,Stone,bailey.stone@company.com,Legal,2025-04-23 09:09:56.589115,2025-04-23 09:09:56.589116,2025-04-23 09:09:56.589116
589,Madison,Walker,madison.walker@company.com,Finance,2025-04-23 09:09:56.589117,2025-04-23 09:09:56.589118,2025-04-23 09:09:56.589118
590,James,Hale,james.hale@company.com,Operations,2025-04-23 09:09:56.589119,2025-04-23 09:09:56.589120,2025-04-23 09:09:56.589120
591,Dominique,Smith,dominique.smith@company.com,Development,2025-04-23 09:09:56.589121,2025-04-23 09:09:56.589122,2025-04-23 09:09:56.589122
592,Marie,Hoover,marie.hoover@company.com,Operations,2025-04-23 09:09:56.589123,2025-04-23 09:09:56.589124,2025-04-23 09:09:56.589124
593,Ryan,Smith,ryan.smith@company.com,Operations,2025-04-23 09:09:56.589125,2025-04-23 09:09:56.589126,2025-04-23 09:09:56.589126
594,Ashley,Martinez,ashley.martinez@company.com,Sales,2025-04-23 09:09:56.589127,2025-04-23 09:09:56.589127,2025-04-23 09:09:56.589128
595,Antonio,Harmon,antonio.harmon@company.com,Development,2025-04-23 09:09:56.589129,2025-04-23 09:09:56.589129,2025-04-23 09:09:56.589130
596,Christina,Smith,christina.smith@company.com,Finance,2025-04-23 09:09:56.589131,2025-04-23 09:09:56.589131,2025-04-23 09:09:56.589132
